<?xml version="1.0"?>
<ArrayOfSuperTagTemplate xmlns:xsi="http://www.w3.org/2001/XMLSchema-instance" xmlns:xsd="http://www.w3.org/2001/XMLSchema">
  <SuperTagTemplate>
    <Name>SE2_AB4Template</Name>
    <Comment />
    <IoDiscreteTags>
      <IoDiscreteTag>
        <Common>
          <Name>AutoCom2Run</Name>
          <Group>SE2</Group>
          <Comment>Авар. вент. 4. Команда: Запустить в Авто</Comment>
          <Logged>false</Logged>
          <EventLogged>true</EventLogged>
          <EventLoggingPriority>120</EventLoggingPriority>
          <AlarmComment>Авар. вент. 4. Команда: Запустить в Авто</AlarmComment>
          <RetentiveValue>false</RetentiveValue>
        </Common>
        <Discrete>
          <OnMessage />
          <OffMessage />
          <AlarmState>None</AlarmState>
          <AlarmPriority>1</AlarmPriority>
          <InitialValue>false</InitialValue>
        </Discrete>
        <Io>
          <AccessName>S7_5</AccessName>
          <ItemName>db804,x0.0</ItemName>
          <ReadOnly>false</ReadOnly>
        </Io>
        <Name>AutoCom2Run</Name>
      </IoDiscreteTag>
      <IoDiscreteTag>
        <Common>
          <Name>In_Com2Start</Name>
          <Group>SE2</Group>
          <Comment>Авар. вент. 4. Команда: Пуск с АРМ</Comment>
          <Logged>false</Logged>
          <EventLogged>true</EventLogged>
          <EventLoggingPriority>120</EventLoggingPriority>
          <AlarmComment>Авар. вент. 4. Команда: Пуск с АРМ</AlarmComment>
          <RetentiveValue>false</RetentiveValue>
        </Common>
        <Discrete>
          <OnMessage />
          <OffMessage />
          <AlarmState>None</AlarmState>
          <AlarmPriority>1</AlarmPriority>
          <InitialValue>false</InitialValue>
        </Discrete>
        <Io>
          <AccessName>S7_5</AccessName>
          <ItemName>db804,x4.0</ItemName>
          <ReadOnly>false</ReadOnly>
        </Io>
        <Name>In_Com2Start</Name>
      </IoDiscreteTag>
      <IoDiscreteTag>
        <Common>
          <Name>In_Com2Stop</Name>
          <Group>SE2</Group>
          <Comment>Авар. вент. 4. Команда: Останов с АРМ</Comment>
          <Logged>false</Logged>
          <EventLogged>true</EventLogged>
          <EventLoggingPriority>120</EventLoggingPriority>
          <AlarmComment>Авар. вент. 4. Команда: Останов с АРМ</AlarmComment>
          <RetentiveValue>false</RetentiveValue>
        </Common>
        <Discrete>
          <OnMessage />
          <OffMessage />
          <AlarmState>None</AlarmState>
          <AlarmPriority>1</AlarmPriority>
          <InitialValue>false</InitialValue>
        </Discrete>
        <Io>
          <AccessName>S7_5</AccessName>
          <ItemName>db804,x4.1</ItemName>
          <ReadOnly>false</ReadOnly>
        </Io>
        <Name>In_Com2Stop</Name>
      </IoDiscreteTag>
      <IoDiscreteTag>
        <Common>
          <Name>In_HMI_Mode</Name>
          <Group>SE2</Group>
          <Comment>Авар. вент. 4. Режим: Ручной/Автоматич.</Comment>
          <Logged>false</Logged>
          <EventLogged>true</EventLogged>
          <EventLoggingPriority>120</EventLoggingPriority>
          <AlarmComment>Авар. вент. 4. Режим: Ручной/Автоматич.</AlarmComment>
          <RetentiveValue>false</RetentiveValue>
        </Common>
        <Discrete>
          <OnMessage>АВТОМАТИЧ</OnMessage>
          <OffMessage>РУЧН</OffMessage>
          <AlarmState>None</AlarmState>
          <AlarmPriority>1</AlarmPriority>
          <InitialValue>false</InitialValue>
        </Discrete>
        <Io>
          <AccessName>S7_5</AccessName>
          <ItemName>db804,x4.2</ItemName>
          <ReadOnly>false</ReadOnly>
        </Io>
        <Name>In_HMI_Mode</Name>
      </IoDiscreteTag>
      <IoDiscreteTag>
        <Common>
          <Name>In_FaultRes</Name>
          <Group>SE2</Group>
          <Comment>Авар. вент. 4. Команда: Сбросить аварию</Comment>
          <Logged>false</Logged>
          <EventLogged>true</EventLogged>
          <EventLoggingPriority>120</EventLoggingPriority>
          <AlarmComment>Авар. вент. 4. Команда: Сбросить аварию</AlarmComment>
          <RetentiveValue>false</RetentiveValue>
        </Common>
        <Discrete>
          <OnMessage>ПОДТВЕРЖД</OnMessage>
          <OffMessage>СНЯТ</OffMessage>
          <AlarmState>None</AlarmState>
          <AlarmPriority>1</AlarmPriority>
          <InitialValue>false</InitialValue>
        </Discrete>
        <Io>
          <AccessName>S7_5</AccessName>
          <ItemName>db804,x4.3</ItemName>
          <ReadOnly>false</ReadOnly>
        </Io>
        <Name>In_FaultRes</Name>
      </IoDiscreteTag>
      <IoDiscreteTag>
        <Common>
          <Name>In_HMI_Maintance</Name>
          <Group>SE2</Group>
          <Comment>Авар. вент. 4. Режим: Ремонт</Comment>
          <Logged>false</Logged>
          <EventLogged>true</EventLogged>
          <EventLoggingPriority>120</EventLoggingPriority>
          <AlarmComment>Авар. вент. 4. Режим: Ремонт</AlarmComment>
          <RetentiveValue>false</RetentiveValue>
        </Common>
        <Discrete>
          <OnMessage>В РЕМОНТЕ</OnMessage>
          <OffMessage>СНЯТ</OffMessage>
          <AlarmState>None</AlarmState>
          <AlarmPriority>1</AlarmPriority>
          <InitialValue>false</InitialValue>
        </Discrete>
        <Io>
          <AccessName>S7_5</AccessName>
          <ItemName>db804,x4.4</ItemName>
          <ReadOnly>false</ReadOnly>
        </Io>
        <Name>In_HMI_Maintance</Name>
      </IoDiscreteTag>
      <IoDiscreteTag>
        <Common>
          <Name>in_ResetRTM</Name>
          <Group>SE2</Group>
          <Comment>Авар. вент. 4. Команда: Сбросить моточасы</Comment>
          <Logged>false</Logged>
          <EventLogged>true</EventLogged>
          <EventLoggingPriority>120</EventLoggingPriority>
          <AlarmComment>Авар. вент. 4. Команда: Сбросить моточасы</AlarmComment>
          <RetentiveValue>false</RetentiveValue>
        </Common>
        <Discrete>
          <OnMessage>СБРОС</OnMessage>
          <OffMessage>СНЯТ</OffMessage>
          <AlarmState>None</AlarmState>
          <AlarmPriority>1</AlarmPriority>
          <InitialValue>false</InitialValue>
        </Discrete>
        <Io>
          <AccessName>S7_5</AccessName>
          <ItemName>db804,x4.5</ItemName>
          <ReadOnly>false</ReadOnly>
        </Io>
        <Name>in_ResetRTM</Name>
      </IoDiscreteTag>
      <IoDiscreteTag>
        <Common>
          <Name>Out_Working</Name>
          <Group>SE2</Group>
          <Comment>Авар. вент. 4. Режим: В работе</Comment>
          <Logged>false</Logged>
          <EventLogged>true</EventLogged>
          <EventLoggingPriority>110</EventLoggingPriority>
          <AlarmComment>Авар. вент. 4. Режим: В работе</AlarmComment>
          <RetentiveValue>false</RetentiveValue>
        </Common>
        <Discrete>
          <OnMessage />
          <OffMessage />
          <AlarmState>None</AlarmState>
          <AlarmPriority>1</AlarmPriority>
          <InitialValue>false</InitialValue>
        </Discrete>
        <Io>
          <AccessName>S7_5</AccessName>
          <ItemName>db804,x6.0</ItemName>
          <ReadOnly>true</ReadOnly>
        </Io>
        <Name>Out_Working</Name>
      </IoDiscreteTag>
      <IoDiscreteTag>
        <Common>
          <Name>Out_ModeSelector</Name>
          <Group>SE2</Group>
          <Comment>Авар. вент. 4. Переключатель местный/дистанционный реж. Работы</Comment>
          <Logged>false</Logged>
          <EventLogged>true</EventLogged>
          <EventLoggingPriority>120</EventLoggingPriority>
          <AlarmComment>Авар. вент. 4. Переключатель местный/дистанционный реж. Работы</AlarmComment>
          <RetentiveValue>false</RetentiveValue>
        </Common>
        <Discrete>
          <OnMessage>ДИСТ.</OnMessage>
          <OffMessage>МЕСТН.</OffMessage>
          <AlarmState>None</AlarmState>
          <AlarmPriority>1</AlarmPriority>
          <InitialValue>false</InitialValue>
        </Discrete>
        <Io>
          <AccessName>S7_5</AccessName>
          <ItemName>db804,x6.1</ItemName>
          <ReadOnly>true</ReadOnly>
        </Io>
        <Name>Out_ModeSelector</Name>
      </IoDiscreteTag>
      <IoDiscreteTag>
        <Common>
          <Name>Out_Rdy2Work</Name>
          <Group>SE2</Group>
          <Comment>Авар. вент. 4. Готов к работе</Comment>
          <Logged>false</Logged>
          <EventLogged>true</EventLogged>
          <EventLoggingPriority>110</EventLoggingPriority>
          <AlarmComment>Авар. вент. 4. Готов к работе</AlarmComment>
          <RetentiveValue>false</RetentiveValue>
        </Common>
        <Discrete>
          <OnMessage />
          <OffMessage />
          <AlarmState>None</AlarmState>
          <AlarmPriority>1</AlarmPriority>
          <InitialValue>false</InitialValue>
        </Discrete>
        <Io>
          <AccessName>S7_5</AccessName>
          <ItemName>db804,x6.2</ItemName>
          <ReadOnly>true</ReadOnly>
        </Io>
        <Name>Out_Rdy2Work</Name>
      </IoDiscreteTag>
      <IoDiscreteTag>
        <Common>
          <Name>F_PwrRdy</Name>
          <Group>SE2</Group>
          <Comment>Авар. вент. 4. Ошибка: Нет эл. готовности питания привода </Comment>
          <Logged>false</Logged>
          <EventLogged>false</EventLogged>
          <EventLoggingPriority>0</EventLoggingPriority>
          <AlarmComment>Авар. вент. 4. Ошибка: Нет эл. готовности питания привода </AlarmComment>
          <RetentiveValue>false</RetentiveValue>
        </Common>
        <Discrete>
          <OnMessage>ОШИБКА</OnMessage>
          <OffMessage>СНЯТ</OffMessage>
          <AlarmState>On</AlarmState>
          <AlarmPriority>10</AlarmPriority>
          <InitialValue>false</InitialValue>
        </Discrete>
        <Io>
          <AccessName>S7_5</AccessName>
          <ItemName>db804,x8.0</ItemName>
          <ReadOnly>true</ReadOnly>
        </Io>
        <Name>F_PwrRdy</Name>
      </IoDiscreteTag>
      <IoDiscreteTag>
        <Common>
          <Name>F_Overcurr</Name>
          <Group>SE2</Group>
          <Comment>Авар. вент. 4. Ошибка: Перегрузки по току привода</Comment>
          <Logged>false</Logged>
          <EventLogged>false</EventLogged>
          <EventLoggingPriority>0</EventLoggingPriority>
          <AlarmComment>Авар. вент. 4. Ошибка: Перегрузки по току привода</AlarmComment>
          <RetentiveValue>false</RetentiveValue>
        </Common>
        <Discrete>
          <OnMessage>ОШИБКА</OnMessage>
          <OffMessage>СНЯТ</OffMessage>
          <AlarmState>On</AlarmState>
          <AlarmPriority>10</AlarmPriority>
          <InitialValue>false</InitialValue>
        </Discrete>
        <Io>
          <AccessName>S7_5</AccessName>
          <ItemName>db804,x8.1</ItemName>
          <ReadOnly>true</ReadOnly>
        </Io>
        <Name>F_Overcurr</Name>
      </IoDiscreteTag>
      <IoDiscreteTag>
        <Common>
          <Name>F_CtrlRdy</Name>
          <Group>SE2</Group>
          <Comment>Авар. вент. 4. Ошибка: Нет эл. готовность питания цепей управления</Comment>
          <Logged>false</Logged>
          <EventLogged>false</EventLogged>
          <EventLoggingPriority>0</EventLoggingPriority>
          <AlarmComment>Авар. вент. 4. Ошибка: Нет эл. готовность питания цепей управления</AlarmComment>
          <RetentiveValue>false</RetentiveValue>
        </Common>
        <Discrete>
          <OnMessage>ОШИБКА</OnMessage>
          <OffMessage>СНЯТ</OffMessage>
          <AlarmState>On</AlarmState>
          <AlarmPriority>10</AlarmPriority>
          <InitialValue>false</InitialValue>
        </Discrete>
        <Io>
          <AccessName>S7_5</AccessName>
          <ItemName>db804,x8.2</ItemName>
          <ReadOnly>true</ReadOnly>
        </Io>
        <Name>F_CtrlRdy</Name>
      </IoDiscreteTag>
      <IoDiscreteTag>
        <Common>
          <Name>F_RelayFeedback</Name>
          <Group>SE2</Group>
          <Comment>Авар. вент. 4. Ошибка: Отсутствует ответ от пускателя</Comment>
          <Logged>false</Logged>
          <EventLogged>false</EventLogged>
          <EventLoggingPriority>0</EventLoggingPriority>
          <AlarmComment>Авар. вент. 4. Ошибка: Отсутствует ответ от пускателя</AlarmComment>
          <RetentiveValue>false</RetentiveValue>
        </Common>
        <Discrete>
          <OnMessage>ОШИБКА</OnMessage>
          <OffMessage>СНЯТ</OffMessage>
          <AlarmState>On</AlarmState>
          <AlarmPriority>20</AlarmPriority>
          <InitialValue>false</InitialValue>
        </Discrete>
        <Io>
          <AccessName>S7_5</AccessName>
          <ItemName>db804,x8.3</ItemName>
          <ReadOnly>true</ReadOnly>
        </Io>
        <Name>F_RelayFeedback</Name>
      </IoDiscreteTag>
      <IoDiscreteTag>
        <Common>
          <Name>F_ErrStart</Name>
          <Group>SE2</Group>
          <Comment>Авар. вент. 4. Ошибка: При пуске</Comment>
          <Logged>false</Logged>
          <EventLogged>false</EventLogged>
          <EventLoggingPriority>0</EventLoggingPriority>
          <AlarmComment>Авар. вент. 4. Ошибка: При пуске</AlarmComment>
          <RetentiveValue>false</RetentiveValue>
        </Common>
        <Discrete>
          <OnMessage>ОШИБКА</OnMessage>
          <OffMessage>СНЯТ</OffMessage>
          <AlarmState>On</AlarmState>
          <AlarmPriority>30</AlarmPriority>
          <InitialValue>false</InitialValue>
        </Discrete>
        <Io>
          <AccessName>S7_5</AccessName>
          <ItemName>db804,x9.0</ItemName>
          <ReadOnly>true</ReadOnly>
        </Io>
        <Name>F_ErrStart</Name>
      </IoDiscreteTag>
      <IoDiscreteTag>
        <Common>
          <Name>F_ErrStop</Name>
          <Group>SE2</Group>
          <Comment>Авар. вент. 4. Ошибка: При остановке</Comment>
          <Logged>false</Logged>
          <EventLogged>false</EventLogged>
          <EventLoggingPriority>0</EventLoggingPriority>
          <AlarmComment>Авар. вент. 4. Ошибка: При остановке</AlarmComment>
          <RetentiveValue>false</RetentiveValue>
        </Common>
        <Discrete>
          <OnMessage>ОШИБКА</OnMessage>
          <OffMessage>СНЯТ</OffMessage>
          <AlarmState>On</AlarmState>
          <AlarmPriority>30</AlarmPriority>
          <InitialValue>false</InitialValue>
        </Discrete>
        <Io>
          <AccessName>S7_5</AccessName>
          <ItemName>db804,x9.1</ItemName>
          <ReadOnly>true</ReadOnly>
        </Io>
        <Name>F_ErrStop</Name>
      </IoDiscreteTag>
      <IoDiscreteTag>
        <Common>
          <Name>F_OverHeat</Name>
          <Group>SE2</Group>
          <Comment>Авар. вент. 4. Ошибка: Перегрев</Comment>
          <Logged>false</Logged>
          <EventLogged>false</EventLogged>
          <EventLoggingPriority>0</EventLoggingPriority>
          <AlarmComment>Авар. вент. 4. Ошибка: Перегрев</AlarmComment>
          <RetentiveValue>false</RetentiveValue>
        </Common>
        <Discrete>
          <OnMessage>ОШИБКА</OnMessage>
          <OffMessage>СНЯТ</OffMessage>
          <AlarmState>On</AlarmState>
          <AlarmPriority>20</AlarmPriority>
          <InitialValue>false</InitialValue>
        </Discrete>
        <Io>
          <AccessName>S7_5</AccessName>
          <ItemName>db804,x9.2</ItemName>
          <ReadOnly>true</ReadOnly>
        </Io>
        <Name>F_OverHeat</Name>
      </IoDiscreteTag>
    </IoDiscreteTags>
    <IoIntegerTags>
      <IoIntegerTag>
        <Common>
          <Name>Out_ActState</Name>
          <Group>SE2</Group>
          <Comment>Авар. вент. 4 Состояние</Comment>
          <Logged>false</Logged>
          <EventLogged>false</EventLogged>
          <EventLoggingPriority>0</EventLoggingPriority>
          <AlarmComment>Авар. вент. 4 Состояние</AlarmComment>
          <RetentiveValue>false</RetentiveValue>
        </Common>
        <Analog>
          <MinEU>0</MinEU>
          <MaxEU>10</MaxEU>
          <EngUnits />
          <InitialValue>0</InitialValue>
        </Analog>
        <Io>
          <AccessName>S7_5</AccessName>
          <ItemName>db804,w10</ItemName>
          <ReadOnly>false</ReadOnly>
        </Io>
        <IoAnalog>
          <MinRaw>0</MinRaw>
          <MaxRaw>10</MaxRaw>
        </IoAnalog>
        <Name>Out_ActState</Name>
      </IoIntegerTag>
      <IoIntegerTag>
        <Common>
          <Name>Out_ActMode</Name>
          <Group>SE2</Group>
          <Comment>Авар. вент. 4 Управление</Comment>
          <Logged>false</Logged>
          <EventLogged>false</EventLogged>
          <EventLoggingPriority>0</EventLoggingPriority>
          <AlarmComment>Авар. вент. 4 Управление</AlarmComment>
          <RetentiveValue>false</RetentiveValue>
        </Common>
        <Analog>
          <MinEU>0</MinEU>
          <MaxEU>10</MaxEU>
          <EngUnits />
          <InitialValue>0</InitialValue>
        </Analog>
        <Io>
          <AccessName>S7_5</AccessName>
          <ItemName>db804,w12</ItemName>
          <ReadOnly>false</ReadOnly>
        </Io>
        <IoAnalog>
          <MinRaw>0</MinRaw>
          <MaxRaw>10</MaxRaw>
        </IoAnalog>
        <Name>Out_ActMode</Name>
      </IoIntegerTag>
      <IoIntegerTag>
        <Common>
          <Name>Out_ActSpeed</Name>
          <Group>SE2</Group>
          <Comment>Авар. вент. 4 Скорость</Comment>
          <Logged>true</Logged>
          <EventLogged>false</EventLogged>
          <EventLoggingPriority>0</EventLoggingPriority>
          <AlarmComment>Авар. вент. 4 Скорость</AlarmComment>
          <RetentiveValue>false</RetentiveValue>
        </Common>
        <Analog>
          <MinEU>0</MinEU>
          <MaxEU>1000</MaxEU>
          <EngUnits>%</EngUnits>
          <InitialValue>0</InitialValue>
        </Analog>
        <Io>
          <AccessName>S7_5</AccessName>
          <ItemName>db804,w14</ItemName>
          <ReadOnly>true</ReadOnly>
        </Io>
        <IoAnalog>
          <MinRaw>0</MinRaw>
          <MaxRaw>1000</MaxRaw>
        </IoAnalog>
        <Name>Out_ActSpeed</Name>
      </IoIntegerTag>
      <IoIntegerTag>
        <Common>
          <Name>Out_RTM</Name>
          <Group>SE2</Group>
          <Comment>Авар. вент. 4 Наработка</Comment>
          <Logged>true</Logged>
          <EventLogged>false</EventLogged>
          <EventLoggingPriority>0</EventLoggingPriority>
          <AlarmComment>Авар. вент. 4 Наработка</AlarmComment>
          <RetentiveValue>false</RetentiveValue>
        </Common>
        <Analog>
          <MinEU>0</MinEU>
          <MaxEU>596523</MaxEU>
          <EngUnits>мин.</EngUnits>
          <InitialValue>0</InitialValue>
        </Analog>
        <Io>
          <AccessName>S7_5</AccessName>
          <ItemName>DB804,DINT18</ItemName>
          <ReadOnly>false</ReadOnly>
        </Io>
        <IoAnalog>
          <MinRaw>-2147482800</MinRaw>
          <MaxRaw>2147482800</MaxRaw>
        </IoAnalog>
        <Name>Out_RTM</Name>
      </IoIntegerTag>
    </IoIntegerTags>
    <IoRealTags />
    <IoMsgTags />
    <MemoryDiscreteTags />
    <MemoryIntegerTags />
    <MemoryRealTags />
    <MemoryMsgTags>
      <MemoryMsgTag>
        <Common>
          <Name>Desc</Name>
          <Group>SE2</Group>
          <Comment>Аварийный Вентилятор 4</Comment>
          <Logged>false</Logged>
          <EventLogged>false</EventLogged>
          <EventLoggingPriority>0</EventLoggingPriority>
          <AlarmComment />
          <RetentiveValue>true</RetentiveValue>
        </Common>
        <Msg>
          <InitialMessage />
          <MaxLength>131</MaxLength>
        </Msg>
        <Name>Desc</Name>
      </MemoryMsgTag>
    </MemoryMsgTags>
  </SuperTagTemplate>
  <SuperTagTemplate>
    <Name>SE_VB3Template</Name>
    <Comment />
    <IoDiscreteTags>
      <IoDiscreteTag>
        <Common>
          <Name>In_AutoCom2Open</Name>
          <Group>SE</Group>
          <Comment>Задвижка регулир. VB3. Команда: Открыть в Авто</Comment>
          <Logged>false</Logged>
          <EventLogged>true</EventLogged>
          <EventLoggingPriority>120</EventLoggingPriority>
          <AlarmComment>Задвижка регулир. VB3. Команда: Открыть в Авто</AlarmComment>
          <RetentiveValue>false</RetentiveValue>
        </Common>
        <Discrete>
          <OnMessage />
          <OffMessage />
          <AlarmState>None</AlarmState>
          <AlarmPriority>1</AlarmPriority>
          <InitialValue>false</InitialValue>
        </Discrete>
        <Io>
          <AccessName>s7_3</AccessName>
          <ItemName>db123,x0.0</ItemName>
          <ReadOnly>false</ReadOnly>
        </Io>
        <Name>In_AutoCom2Open</Name>
      </IoDiscreteTag>
      <IoDiscreteTag>
        <Common>
          <Name>In_AutoCom2Close</Name>
          <Group>SE</Group>
          <Comment>Задвижка регулир. VB3. Команда: Закрыть в Авто</Comment>
          <Logged>false</Logged>
          <EventLogged>true</EventLogged>
          <EventLoggingPriority>120</EventLoggingPriority>
          <AlarmComment>Задвижка регулир. VB3. Команда: Закрыть в Авто</AlarmComment>
          <RetentiveValue>false</RetentiveValue>
        </Common>
        <Discrete>
          <OnMessage />
          <OffMessage />
          <AlarmState>None</AlarmState>
          <AlarmPriority>1</AlarmPriority>
          <InitialValue>false</InitialValue>
        </Discrete>
        <Io>
          <AccessName>s7_3</AccessName>
          <ItemName>db123,x0.1</ItemName>
          <ReadOnly>false</ReadOnly>
        </Io>
        <Name>In_AutoCom2Close</Name>
      </IoDiscreteTag>
      <IoDiscreteTag>
        <Common>
          <Name>In_Com2Open</Name>
          <Group>SE</Group>
          <Comment>Задвижка регулир. VB3. Команда: Открыть с АРМ</Comment>
          <Logged>false</Logged>
          <EventLogged>true</EventLogged>
          <EventLoggingPriority>120</EventLoggingPriority>
          <AlarmComment>Задвижка регулир. VB3. Команда: Открыть с АРМ</AlarmComment>
          <RetentiveValue>false</RetentiveValue>
        </Common>
        <Discrete>
          <OnMessage />
          <OffMessage />
          <AlarmState>None</AlarmState>
          <AlarmPriority>1</AlarmPriority>
          <InitialValue>false</InitialValue>
        </Discrete>
        <Io>
          <AccessName>s7_3</AccessName>
          <ItemName>db123,x4.0</ItemName>
          <ReadOnly>false</ReadOnly>
        </Io>
        <Name>In_Com2Open</Name>
      </IoDiscreteTag>
      <IoDiscreteTag>
        <Common>
          <Name>In_Com2Close</Name>
          <Group>SE</Group>
          <Comment>Задвижка регулир. VB3. Команда: Закрыть с АРМ</Comment>
          <Logged>false</Logged>
          <EventLogged>true</EventLogged>
          <EventLoggingPriority>120</EventLoggingPriority>
          <AlarmComment>Задвижка регулир. VB3. Команда: Закрыть с АРМ</AlarmComment>
          <RetentiveValue>false</RetentiveValue>
        </Common>
        <Discrete>
          <OnMessage />
          <OffMessage />
          <AlarmState>None</AlarmState>
          <AlarmPriority>1</AlarmPriority>
          <InitialValue>false</InitialValue>
        </Discrete>
        <Io>
          <AccessName>s7_3</AccessName>
          <ItemName>db123,x4.1</ItemName>
          <ReadOnly>false</ReadOnly>
        </Io>
        <Name>In_Com2Close</Name>
      </IoDiscreteTag>
      <IoDiscreteTag>
        <Common>
          <Name>In_Com2Stop</Name>
          <Group>SE</Group>
          <Comment>Задвижка регулир. VB3. Команда: Стоп</Comment>
          <Logged>false</Logged>
          <EventLogged>true</EventLogged>
          <EventLoggingPriority>120</EventLoggingPriority>
          <AlarmComment>Задвижка регулир. VB3. Команда: Стоп</AlarmComment>
          <RetentiveValue>false</RetentiveValue>
        </Common>
        <Discrete>
          <OnMessage />
          <OffMessage />
          <AlarmState>None</AlarmState>
          <AlarmPriority>1</AlarmPriority>
          <InitialValue>false</InitialValue>
        </Discrete>
        <Io>
          <AccessName>s7_3</AccessName>
          <ItemName>db123,x4.2</ItemName>
          <ReadOnly>false</ReadOnly>
        </Io>
        <Name>In_Com2Stop</Name>
      </IoDiscreteTag>
      <IoDiscreteTag>
        <Common>
          <Name>In_HMI_Mode</Name>
          <Group>SE</Group>
          <Comment>Задвижка регулир. VB3. Режим: Ручной/Автоматич.</Comment>
          <Logged>false</Logged>
          <EventLogged>true</EventLogged>
          <EventLoggingPriority>120</EventLoggingPriority>
          <AlarmComment>Задвижка регулир. VB3. Режим: Ручной/Автоматич.</AlarmComment>
          <RetentiveValue>false</RetentiveValue>
        </Common>
        <Discrete>
          <OnMessage>АВТОМАТИЧ</OnMessage>
          <OffMessage>РУЧН</OffMessage>
          <AlarmState>None</AlarmState>
          <AlarmPriority>1</AlarmPriority>
          <InitialValue>false</InitialValue>
        </Discrete>
        <Io>
          <AccessName>s7_3</AccessName>
          <ItemName>db123,x4.3</ItemName>
          <ReadOnly>false</ReadOnly>
        </Io>
        <Name>In_HMI_Mode</Name>
      </IoDiscreteTag>
      <IoDiscreteTag>
        <Common>
          <Name>In_FaultRes</Name>
          <Group>SE</Group>
          <Comment>Задвижка регулир. VB3. Команда: Сбросить аварию</Comment>
          <Logged>false</Logged>
          <EventLogged>true</EventLogged>
          <EventLoggingPriority>120</EventLoggingPriority>
          <AlarmComment>Задвижка регулир. VB3. Команда: Сбросить аварию</AlarmComment>
          <RetentiveValue>false</RetentiveValue>
        </Common>
        <Discrete>
          <OnMessage>ПОДТВЕРЖД</OnMessage>
          <OffMessage>СНЯТ</OffMessage>
          <AlarmState>None</AlarmState>
          <AlarmPriority>1</AlarmPriority>
          <InitialValue>false</InitialValue>
        </Discrete>
        <Io>
          <AccessName>s7_3</AccessName>
          <ItemName>db123,x4.4</ItemName>
          <ReadOnly>false</ReadOnly>
        </Io>
        <Name>In_FaultRes</Name>
      </IoDiscreteTag>
      <IoDiscreteTag>
        <Common>
          <Name>In_HMI_Maintance</Name>
          <Group>SE</Group>
          <Comment>Задвижка регулир. VB3. Режим Ремонт</Comment>
          <Logged>false</Logged>
          <EventLogged>true</EventLogged>
          <EventLoggingPriority>120</EventLoggingPriority>
          <AlarmComment>Задвижка регулир. VB3. Режим Ремонт</AlarmComment>
          <RetentiveValue>false</RetentiveValue>
        </Common>
        <Discrete>
          <OnMessage>В РЕМОНТЕ</OnMessage>
          <OffMessage>СНЯТ</OffMessage>
          <AlarmState>None</AlarmState>
          <AlarmPriority>1</AlarmPriority>
          <InitialValue>false</InitialValue>
        </Discrete>
        <Io>
          <AccessName>s7_3</AccessName>
          <ItemName>db123,x4.5</ItemName>
          <ReadOnly>false</ReadOnly>
        </Io>
        <Name>In_HMI_Maintance</Name>
      </IoDiscreteTag>
      <IoDiscreteTag>
        <Common>
          <Name>Out_Opened</Name>
          <Group>SE</Group>
          <Comment>Задвижка регулир. VB3. Концевой выключатель Открыто</Comment>
          <Logged>false</Logged>
          <EventLogged>true</EventLogged>
          <EventLoggingPriority>130</EventLoggingPriority>
          <AlarmComment>Задвижка регулир. VB3. Концевой выключатель Открыто</AlarmComment>
          <RetentiveValue>false</RetentiveValue>
        </Common>
        <Discrete>
          <OnMessage />
          <OffMessage />
          <AlarmState>None</AlarmState>
          <AlarmPriority>1</AlarmPriority>
          <InitialValue>false</InitialValue>
        </Discrete>
        <Io>
          <AccessName>s7_3</AccessName>
          <ItemName>db123,x6.0</ItemName>
          <ReadOnly>true</ReadOnly>
        </Io>
        <Name>Out_Opened</Name>
      </IoDiscreteTag>
      <IoDiscreteTag>
        <Common>
          <Name>Out_Closed</Name>
          <Group>SE</Group>
          <Comment>Задвижка регулир. VB3. Концевой выключатель Закрыто</Comment>
          <Logged>false</Logged>
          <EventLogged>true</EventLogged>
          <EventLoggingPriority>130</EventLoggingPriority>
          <AlarmComment>Задвижка регулир. VB3. Концевой выключатель Закрыто</AlarmComment>
          <RetentiveValue>false</RetentiveValue>
        </Common>
        <Discrete>
          <OnMessage />
          <OffMessage />
          <AlarmState>None</AlarmState>
          <AlarmPriority>1</AlarmPriority>
          <InitialValue>false</InitialValue>
        </Discrete>
        <Io>
          <AccessName>s7_3</AccessName>
          <ItemName>db123,x6.1</ItemName>
          <ReadOnly>true</ReadOnly>
        </Io>
        <Name>Out_Closed</Name>
      </IoDiscreteTag>
      <IoDiscreteTag>
        <Common>
          <Name>Out_ModeSelector</Name>
          <Group>SE</Group>
          <Comment>Задвижка регулир. VB3. Переключатель местный/дистанционный реж. Работы</Comment>
          <Logged>false</Logged>
          <EventLogged>true</EventLogged>
          <EventLoggingPriority>120</EventLoggingPriority>
          <AlarmComment>Задвижка регулир. VB3. Переключатель местный/дистанционный реж. Работы</AlarmComment>
          <RetentiveValue>false</RetentiveValue>
        </Common>
        <Discrete>
          <OnMessage>ДИСТ.</OnMessage>
          <OffMessage>МЕСТН.</OffMessage>
          <AlarmState>None</AlarmState>
          <AlarmPriority>1</AlarmPriority>
          <InitialValue>false</InitialValue>
        </Discrete>
        <Io>
          <AccessName>s7_3</AccessName>
          <ItemName>db123,x6.2</ItemName>
          <ReadOnly>true</ReadOnly>
        </Io>
        <Name>Out_ModeSelector</Name>
      </IoDiscreteTag>
      <IoDiscreteTag>
        <Common>
          <Name>Out_OpeningNow</Name>
          <Group>SE</Group>
          <Comment>Задвижка регулир. VB3. Открывается</Comment>
          <Logged>false</Logged>
          <EventLogged>true</EventLogged>
          <EventLoggingPriority>110</EventLoggingPriority>
          <AlarmComment>Задвижка регулир. VB3. Открывается</AlarmComment>
          <RetentiveValue>false</RetentiveValue>
        </Common>
        <Discrete>
          <OnMessage />
          <OffMessage />
          <AlarmState>None</AlarmState>
          <AlarmPriority>1</AlarmPriority>
          <InitialValue>false</InitialValue>
        </Discrete>
        <Io>
          <AccessName>s7_3</AccessName>
          <ItemName>db123,x6.3</ItemName>
          <ReadOnly>true</ReadOnly>
        </Io>
        <Name>Out_OpeningNow</Name>
      </IoDiscreteTag>
      <IoDiscreteTag>
        <Common>
          <Name>Out_ClosingNow</Name>
          <Group>SE</Group>
          <Comment>Задвижка регулир. VB3. Закрывается</Comment>
          <Logged>false</Logged>
          <EventLogged>true</EventLogged>
          <EventLoggingPriority>110</EventLoggingPriority>
          <AlarmComment>Задвижка регулир. VB3. Закрывается</AlarmComment>
          <RetentiveValue>false</RetentiveValue>
        </Common>
        <Discrete>
          <OnMessage />
          <OffMessage />
          <AlarmState>None</AlarmState>
          <AlarmPriority>1</AlarmPriority>
          <InitialValue>false</InitialValue>
        </Discrete>
        <Io>
          <AccessName>s7_3</AccessName>
          <ItemName>db123,x6.4</ItemName>
          <ReadOnly>true</ReadOnly>
        </Io>
        <Name>Out_ClosingNow</Name>
      </IoDiscreteTag>
      <IoDiscreteTag>
        <Common>
          <Name>Out_Rdy2Work</Name>
          <Group>SE</Group>
          <Comment>Задвижка регулир. VB3. Готова к работе</Comment>
          <Logged>false</Logged>
          <EventLogged>true</EventLogged>
          <EventLoggingPriority>110</EventLoggingPriority>
          <AlarmComment>Задвижка регулир. VB3. Готова к работе</AlarmComment>
          <RetentiveValue>false</RetentiveValue>
        </Common>
        <Discrete>
          <OnMessage />
          <OffMessage />
          <AlarmState>None</AlarmState>
          <AlarmPriority>1</AlarmPriority>
          <InitialValue>false</InitialValue>
        </Discrete>
        <Io>
          <AccessName>s7_3</AccessName>
          <ItemName>db123,x6.5</ItemName>
          <ReadOnly>true</ReadOnly>
        </Io>
        <Name>Out_Rdy2Work</Name>
      </IoDiscreteTag>
      <IoDiscreteTag>
        <Common>
          <Name>F_PwrRdy</Name>
          <Group>SE</Group>
          <Comment>Задвижка регулир. VB3. Ошибка: Нет эл. готовности питания привода </Comment>
          <Logged>false</Logged>
          <EventLogged>false</EventLogged>
          <EventLoggingPriority>0</EventLoggingPriority>
          <AlarmComment>Задвижка регулир. VB3. Ошибка: Нет эл. готовности питания привода </AlarmComment>
          <RetentiveValue>false</RetentiveValue>
        </Common>
        <Discrete>
          <OnMessage>ОШИБКА</OnMessage>
          <OffMessage>СНЯТ</OffMessage>
          <AlarmState>On</AlarmState>
          <AlarmPriority>10</AlarmPriority>
          <InitialValue>false</InitialValue>
        </Discrete>
        <Io>
          <AccessName>s7_3</AccessName>
          <ItemName>db123,x8.0</ItemName>
          <ReadOnly>true</ReadOnly>
        </Io>
        <Name>F_PwrRdy</Name>
      </IoDiscreteTag>
      <IoDiscreteTag>
        <Common>
          <Name>F_Overcurr</Name>
          <Group>SE</Group>
          <Comment>Задвижка регулир. VB3. Ошибка: Перегрузки по току привода</Comment>
          <Logged>false</Logged>
          <EventLogged>false</EventLogged>
          <EventLoggingPriority>0</EventLoggingPriority>
          <AlarmComment>Задвижка регулир. VB3. Ошибка: Перегрузки по току привода</AlarmComment>
          <RetentiveValue>false</RetentiveValue>
        </Common>
        <Discrete>
          <OnMessage>ОШИБКА</OnMessage>
          <OffMessage>СНЯТ</OffMessage>
          <AlarmState>On</AlarmState>
          <AlarmPriority>10</AlarmPriority>
          <InitialValue>false</InitialValue>
        </Discrete>
        <Io>
          <AccessName>s7_3</AccessName>
          <ItemName>db123,x8.1</ItemName>
          <ReadOnly>true</ReadOnly>
        </Io>
        <Name>F_Overcurr</Name>
      </IoDiscreteTag>
      <IoDiscreteTag>
        <Common>
          <Name>F_CtrlRdy</Name>
          <Group>SE</Group>
          <Comment>Задвижка регулир. VB3. Ошибка: Нет эл. готовность питания цепей управления</Comment>
          <Logged>false</Logged>
          <EventLogged>false</EventLogged>
          <EventLoggingPriority>0</EventLoggingPriority>
          <AlarmComment>Задвижка регулир. VB3. Ошибка: Нет эл. готовность питания цепей управления</AlarmComment>
          <RetentiveValue>false</RetentiveValue>
        </Common>
        <Discrete>
          <OnMessage>ОШИБКА</OnMessage>
          <OffMessage>СНЯТ</OffMessage>
          <AlarmState>On</AlarmState>
          <AlarmPriority>10</AlarmPriority>
          <InitialValue>false</InitialValue>
        </Discrete>
        <Io>
          <AccessName>s7_3</AccessName>
          <ItemName>db123,x8.2</ItemName>
          <ReadOnly>true</ReadOnly>
        </Io>
        <Name>F_CtrlRdy</Name>
      </IoDiscreteTag>
      <IoDiscreteTag>
        <Common>
          <Name>F_RelayFeedback</Name>
          <Group>SE</Group>
          <Comment>Задвижка регулир. VB3. Ошибка: Отсутствует срабатывания пускателей</Comment>
          <Logged>false</Logged>
          <EventLogged>false</EventLogged>
          <EventLoggingPriority>0</EventLoggingPriority>
          <AlarmComment>Задвижка регулир. VB3. Ошибка: Отсутствует срабатывания пускателей</AlarmComment>
          <RetentiveValue>false</RetentiveValue>
        </Common>
        <Discrete>
          <OnMessage>ОШИБКА</OnMessage>
          <OffMessage>СНЯТ</OffMessage>
          <AlarmState>On</AlarmState>
          <AlarmPriority>30</AlarmPriority>
          <InitialValue>false</InitialValue>
        </Discrete>
        <Io>
          <AccessName>s7_3</AccessName>
          <ItemName>db123,x8.3</ItemName>
          <ReadOnly>true</ReadOnly>
        </Io>
        <Name>F_RelayFeedback</Name>
      </IoDiscreteTag>
      <IoDiscreteTag>
        <Common>
          <Name>F_Overtime2Open</Name>
          <Group>SE</Group>
          <Comment>Задвижка регулир. VB3. Ошибка: Превышение времени открытия</Comment>
          <Logged>false</Logged>
          <EventLogged>false</EventLogged>
          <EventLoggingPriority>0</EventLoggingPriority>
          <AlarmComment>Задвижка регулир. VB3. Ошибка: Превышение времени открытия</AlarmComment>
          <RetentiveValue>false</RetentiveValue>
        </Common>
        <Discrete>
          <OnMessage>ОШИБКА</OnMessage>
          <OffMessage>СНЯТ</OffMessage>
          <AlarmState>On</AlarmState>
          <AlarmPriority>30</AlarmPriority>
          <InitialValue>false</InitialValue>
        </Discrete>
        <Io>
          <AccessName>s7_3</AccessName>
          <ItemName>db123,x9.0</ItemName>
          <ReadOnly>true</ReadOnly>
        </Io>
        <Name>F_Overtime2Open</Name>
      </IoDiscreteTag>
      <IoDiscreteTag>
        <Common>
          <Name>F_Overtime2Close</Name>
          <Group>SE</Group>
          <Comment>Задвижка регулир. VB3. Ошибка: Превышение времени закрытия</Comment>
          <Logged>false</Logged>
          <EventLogged>false</EventLogged>
          <EventLoggingPriority>0</EventLoggingPriority>
          <AlarmComment>Задвижка регулир. VB3. Ошибка: Превышение времени закрытия</AlarmComment>
          <RetentiveValue>false</RetentiveValue>
        </Common>
        <Discrete>
          <OnMessage>ОШИБКА</OnMessage>
          <OffMessage>СНЯТ</OffMessage>
          <AlarmState>On</AlarmState>
          <AlarmPriority>30</AlarmPriority>
          <InitialValue>false</InitialValue>
        </Discrete>
        <Io>
          <AccessName>s7_3</AccessName>
          <ItemName>db123,x9.1</ItemName>
          <ReadOnly>true</ReadOnly>
        </Io>
        <Name>F_Overtime2Close</Name>
      </IoDiscreteTag>
      <IoDiscreteTag>
        <Common>
          <Name>F_OverMoment2Open</Name>
          <Group>SE</Group>
          <Comment>Задвижка регулир. VB3. Ошибка: Превышения момента открытия</Comment>
          <Logged>false</Logged>
          <EventLogged>false</EventLogged>
          <EventLoggingPriority>0</EventLoggingPriority>
          <AlarmComment>Задвижка регулир. VB3. Ошибка: Превышения момента открытия</AlarmComment>
          <RetentiveValue>false</RetentiveValue>
        </Common>
        <Discrete>
          <OnMessage>ОШИБКА</OnMessage>
          <OffMessage>СНЯТ</OffMessage>
          <AlarmState>On</AlarmState>
          <AlarmPriority>20</AlarmPriority>
          <InitialValue>false</InitialValue>
        </Discrete>
        <Io>
          <AccessName>s7_3</AccessName>
          <ItemName>db123,x9.2</ItemName>
          <ReadOnly>true</ReadOnly>
        </Io>
        <Name>F_OverMoment2Open</Name>
      </IoDiscreteTag>
      <IoDiscreteTag>
        <Common>
          <Name>F_OverMoment2Close</Name>
          <Group>SE</Group>
          <Comment>Задвижка регулир. VB3. Ошибка: Превышения момента закрытия</Comment>
          <Logged>false</Logged>
          <EventLogged>false</EventLogged>
          <EventLoggingPriority>0</EventLoggingPriority>
          <AlarmComment>Задвижка регулир. VB3. Ошибка: Превышения момента закрытия</AlarmComment>
          <RetentiveValue>false</RetentiveValue>
        </Common>
        <Discrete>
          <OnMessage>ОШИБКА</OnMessage>
          <OffMessage>СНЯТ</OffMessage>
          <AlarmState>On</AlarmState>
          <AlarmPriority>20</AlarmPriority>
          <InitialValue>false</InitialValue>
        </Discrete>
        <Io>
          <AccessName>s7_3</AccessName>
          <ItemName>db123,x9.3</ItemName>
          <ReadOnly>true</ReadOnly>
        </Io>
        <Name>F_OverMoment2Close</Name>
      </IoDiscreteTag>
      <IoDiscreteTag>
        <Common>
          <Name>F_LimitSwitch</Name>
          <Group>SE</Group>
          <Comment>Задвижка регулир. VB3. Ошибка: Концевых выключателей</Comment>
          <Logged>false</Logged>
          <EventLogged>false</EventLogged>
          <EventLoggingPriority>0</EventLoggingPriority>
          <AlarmComment>Задвижка регулир. VB3. Ошибка: Концевых выключателей</AlarmComment>
          <RetentiveValue>false</RetentiveValue>
        </Common>
        <Discrete>
          <OnMessage>ОШИБКА</OnMessage>
          <OffMessage>СНЯТ</OffMessage>
          <AlarmState>On</AlarmState>
          <AlarmPriority>20</AlarmPriority>
          <InitialValue>false</InitialValue>
        </Discrete>
        <Io>
          <AccessName>s7_3</AccessName>
          <ItemName>db123,x9.4</ItemName>
          <ReadOnly>true</ReadOnly>
        </Io>
        <Name>F_LimitSwitch</Name>
      </IoDiscreteTag>
      <IoDiscreteTag>
        <Common>
          <Name>F_ActPositionSensor</Name>
          <Group>SE</Group>
          <Comment>Задвижка регулир. VB3. Ошибка: Текущей позиции</Comment>
          <Logged>false</Logged>
          <EventLogged>false</EventLogged>
          <EventLoggingPriority>0</EventLoggingPriority>
          <AlarmComment>Задвижка регулир. VB3. Ошибка: Текущей позиции</AlarmComment>
          <RetentiveValue>false</RetentiveValue>
        </Common>
        <Discrete>
          <OnMessage>ОШИБКА</OnMessage>
          <OffMessage>СНЯТ</OffMessage>
          <AlarmState>On</AlarmState>
          <AlarmPriority>30</AlarmPriority>
          <InitialValue>false</InitialValue>
        </Discrete>
        <Io>
          <AccessName>s7_3</AccessName>
          <ItemName>db123,x9.5</ItemName>
          <ReadOnly>true</ReadOnly>
        </Io>
        <Name>F_ActPositionSensor</Name>
      </IoDiscreteTag>
    </IoDiscreteTags>
    <IoIntegerTags>
      <IoIntegerTag>
        <Common>
          <Name>In_SP_Time2Open</Name>
          <Group>SE</Group>
          <Comment>Задвижка регулир. VB3. SP: Время открытия</Comment>
          <Logged>false</Logged>
          <EventLogged>true</EventLogged>
          <EventLoggingPriority>600</EventLoggingPriority>
          <AlarmComment>Задвижка регулир. VB3. SP: Время открытия</AlarmComment>
          <RetentiveValue>false</RetentiveValue>
        </Common>
        <Analog>
          <MinEU>0</MinEU>
          <MaxEU>3600</MaxEU>
          <EngUnits>сек</EngUnits>
          <InitialValue>0</InitialValue>
        </Analog>
        <Io>
          <AccessName>s7_3</AccessName>
          <ItemName>db123,w10</ItemName>
          <ReadOnly>false</ReadOnly>
        </Io>
        <IoAnalog>
          <MinRaw>0</MinRaw>
          <MaxRaw>3600</MaxRaw>
        </IoAnalog>
        <Name>In_SP_Time2Open</Name>
      </IoIntegerTag>
      <IoIntegerTag>
        <Common>
          <Name>In_SP_Time2Close</Name>
          <Group>SE</Group>
          <Comment>Задвижка регулир. VB3. SP: Время закрытия</Comment>
          <Logged>false</Logged>
          <EventLogged>true</EventLogged>
          <EventLoggingPriority>600</EventLoggingPriority>
          <AlarmComment>Задвижка регулир. VB3. SP: Время закрытия</AlarmComment>
          <RetentiveValue>false</RetentiveValue>
        </Common>
        <Analog>
          <MinEU>0</MinEU>
          <MaxEU>3600</MaxEU>
          <EngUnits>сек</EngUnits>
          <InitialValue>0</InitialValue>
        </Analog>
        <Io>
          <AccessName>s7_3</AccessName>
          <ItemName>db123,w12</ItemName>
          <ReadOnly>false</ReadOnly>
        </Io>
        <IoAnalog>
          <MinRaw>0</MinRaw>
          <MaxRaw>3600</MaxRaw>
        </IoAnalog>
        <Name>In_SP_Time2Close</Name>
      </IoIntegerTag>
      <IoIntegerTag>
        <Common>
          <Name>Out_ActState</Name>
          <Group>SE</Group>
          <Comment>Задвижка регулир. VB3. Состояние</Comment>
          <Logged>false</Logged>
          <EventLogged>false</EventLogged>
          <EventLoggingPriority>0</EventLoggingPriority>
          <AlarmComment>Задвижка регулир. VB3. Состояние</AlarmComment>
          <RetentiveValue>false</RetentiveValue>
        </Common>
        <Analog>
          <MinEU>0</MinEU>
          <MaxEU>10</MaxEU>
          <EngUnits />
          <InitialValue>0</InitialValue>
        </Analog>
        <Io>
          <AccessName>s7_3</AccessName>
          <ItemName>db123,w14</ItemName>
          <ReadOnly>false</ReadOnly>
        </Io>
        <IoAnalog>
          <MinRaw>0</MinRaw>
          <MaxRaw>10</MaxRaw>
        </IoAnalog>
        <Name>Out_ActState</Name>
      </IoIntegerTag>
      <IoIntegerTag>
        <Common>
          <Name>Out_ActMode</Name>
          <Group>SE</Group>
          <Comment>Задвижка регулир. VB3. Управление</Comment>
          <Logged>false</Logged>
          <EventLogged>false</EventLogged>
          <EventLoggingPriority>0</EventLoggingPriority>
          <AlarmComment>Задвижка регулир. VB3. Управление</AlarmComment>
          <RetentiveValue>false</RetentiveValue>
        </Common>
        <Analog>
          <MinEU>0</MinEU>
          <MaxEU>10</MaxEU>
          <EngUnits />
          <InitialValue>0</InitialValue>
        </Analog>
        <Io>
          <AccessName>s7_3</AccessName>
          <ItemName>db123,w16</ItemName>
          <ReadOnly>false</ReadOnly>
        </Io>
        <IoAnalog>
          <MinRaw>0</MinRaw>
          <MaxRaw>10</MaxRaw>
        </IoAnalog>
        <Name>Out_ActMode</Name>
      </IoIntegerTag>
      <IoIntegerTag>
        <Common>
          <Name>Out_ActPosition</Name>
          <Group>SE</Group>
          <Comment>Задвижка регулир. VB3. Позиция</Comment>
          <Logged>true</Logged>
          <EventLogged>false</EventLogged>
          <EventLoggingPriority>0</EventLoggingPriority>
          <AlarmComment>Задвижка регулир. VB3. Позиция</AlarmComment>
          <RetentiveValue>false</RetentiveValue>
        </Common>
        <Analog>
          <MinEU>0</MinEU>
          <MaxEU>1000</MaxEU>
          <EngUnits>%</EngUnits>
          <InitialValue>0</InitialValue>
        </Analog>
        <Io>
          <AccessName>s7_3</AccessName>
          <ItemName>db123,w18</ItemName>
          <ReadOnly>true</ReadOnly>
        </Io>
        <IoAnalog>
          <MinRaw>0</MinRaw>
          <MaxRaw>1000</MaxRaw>
        </IoAnalog>
        <Name>Out_ActPosition</Name>
      </IoIntegerTag>
    </IoIntegerTags>
    <IoRealTags />
    <IoMsgTags />
    <MemoryDiscreteTags />
    <MemoryIntegerTags />
    <MemoryRealTags />
    <MemoryMsgTags>
      <MemoryMsgTag>
        <Common>
          <Name>Desc</Name>
          <Group>SE</Group>
          <Comment>Дискр. Задвижка. VB3</Comment>
          <Logged>false</Logged>
          <EventLogged>false</EventLogged>
          <EventLoggingPriority>0</EventLoggingPriority>
          <AlarmComment />
          <RetentiveValue>true</RetentiveValue>
        </Common>
        <Msg>
          <InitialMessage />
          <MaxLength>131</MaxLength>
        </Msg>
        <Name>Desc</Name>
      </MemoryMsgTag>
    </MemoryMsgTags>
  </SuperTagTemplate>
</ArrayOfSuperTagTemplate>